id,film_title,genre,short_review
1,The Last Voyage,Action,"An absolute masterpiece! The pacing was excellent."
2,Echoes of Tomorrow,Adventure,"Predictable and poorly written. The soundtrack really stood out."
3,Whispering Shadows,Comedy,"A captivating story from start to finish. I loved the cinematography."
4,Galaxy Quest,Drama,"Stunning visuals and a moving score. The ending was satisfying."
5,The Silent Forest,Fantasy,"A disappointing mess. The dialogue felt unnatural."
6,Broken Bridges,Horror,"Brilliantly acted and directed. It dragged in the middle."
7,Dancing in the Dark,Mystery,"One of the best films I've seen this year. The characters were well-developed."
8,The Crimson Peak,Romance,"The acting was wooden and unconvincing. The special effects were impressive."
9,A River Runs Through,Sci-Fi,"An average film with some good moments. It had a great twist."
10,Chasing Stars,Thriller,"A heartfelt journey that stays with you. It felt rushed."
11,The Forgotten Kingdom,Action,"Superb performances all around. The pacing was excellent."
12,Neon City,Adventure,"Overlong and boring. The soundtrack really stood out."
13,The Iron Claw,Comedy,"A must-watch for any film lover. I loved the cinematography."
14,Starlight Memories,Drama,"Lacked any real substance. The ending was satisfying."
15,The Ocean's Heart,Fantasy,"Exhilarating and thought-provoking. The dialogue felt unnatural."
16,The Phantom Hour,Horror,"Forgettable and cliché. It dragged in the middle."
17,Rising Sun,Mystery,"A triumph of storytelling. The characters were well-developed."
18,The Winter's Tale,Romance,"A muddled plot with no direction. The special effects were impressive."
19,Beneath the Surface,Sci-Fi,"Decent but not outstanding. It had a great twist."
20,The Golden Compass,Thriller,"An absolute masterpiece! It felt rushed."
21,Infinite Horizons,Action,"A disappointing mess. The pacing was excellent."
22,The Shadow's Edge,Adventure,"Brilliantly acted and directed. The soundtrack really stood out."
23,The Last Guardian,Comedy,"A captivating story from start to finish. I loved the cinematography."
24,The Timekeeper,Drama,"Stunning visuals and a moving score. The ending was satisfying."
25,The Emerald Blade,Fantasy,"A disappointing mess. The dialogue felt unnatural."
26,Falling Skies,Horror,"Brilliantly acted and directed. It dragged in the middle."
27,The Secret Garden,Mystery,"One of the best films I've seen this year. The characters were well-developed."
28,The Lost Island,Romance,"The acting was wooden and unconvincing. The special effects were impressive."
29,The Crystal Maze,Sci-Fi,"An average film with some good moments. It had a great twist."
30,The Dark Horizon,Thriller,"A heartfelt journey that stays with you. It felt rushed."
31,The Last Voyage,Action,"Superb performances all around. The pacing was excellent."
32,Echoes of Tomorrow,Adventure,"Overlong and boring. The soundtrack really stood out."
33,Whispering Shadows,Comedy,"A must-watch for any film lover. I loved the cinematography."
34,Galaxy Quest,Drama,"Lacked any real substance. The ending was satisfying."
35,The Silent Forest,Fantasy,"Exhilarating and thought-provoking. The dialogue felt unnatural."
36,Broken Bridges,Horror,"Forgettable and cliché. It dragged in the middle."
37,Dancing in the Dark,Mystery,"A triumph of storytelling. The characters were well-developed."
38,The Crimson Peak,Romance,"A muddled plot with no direction. The special effects were impressive."
39,A River Runs Through,Sci-Fi,"Decent but not outstanding. It had a great twist."
40,Chasing Stars,Thriller,"An absolute masterpiece! It felt rushed."
41,The Forgotten Kingdom,Action,"A disappointing mess. The pacing was excellent."
42,Neon City,Adventure,"Brilliantly acted and directed. The soundtrack really stood out."
43,The Iron Claw,Comedy,"A captivating story from start to finish. I loved the cinematography."
44,Starlight Memories,Drama,"Stunning visuals and a moving score. The ending was satisfying."
45,The Ocean's Heart,Fantasy,"A disappointing mess. The dialogue felt unnatural."
46,The Phantom Hour,Horror,"Brilliantly acted and directed. It dragged in the middle."
47,Rising Sun,Mystery,"One of the best films I've seen this year. The characters were well-developed."
48,The Winter's Tale,Romance,"The acting was wooden and unconvincing. The special effects were impressive."
49,Beneath the Surface,Sci-Fi,"An average film with some good moments. It had a great twist."
50,The Golden Compass,Thriller,"A heartfelt journey that stays with you. It felt rushed."
51,Infinite Horizons,Action,"Superb performances all around. The pacing was excellent."
52,The Shadow's Edge,Adventure,"Overlong and boring. The soundtrack really stood out."
53,The Last Guardian,Comedy,"A must-watch for any film lover. I loved the cinematography."
54,The Timekeeper,Drama,"Lacked any real substance. The ending was satisfying."
55,The Emerald Blade,Fantasy,"Exhilarating and thought-provoking. The dialogue felt unnatural."
56,Falling Skies,Horror,"Forgettable and cliché. It dragged in the middle."
57,The Secret Garden,Mystery,"A triumph of storytelling. The characters were well-developed."
58,The Lost Island,Romance,"A muddled plot with no direction. The special effects were impressive."
59,The Crystal Maze,Sci-Fi,"Decent but not outstanding. It had a great twist."
60,The Dark Horizon,Thriller,"An absolute masterpiece! It felt rushed."
61,The Last Voyage,Action,"A disappointing mess. The pacing was excellent."
62,Echoes of Tomorrow,Adventure,"Brilliantly acted and directed. The soundtrack really stood out."
63,Whispering Shadows,Comedy,"A captivating story from start to finish. I loved the cinematography."
64,Galaxy Quest,Drama,"Stunning visuals and a moving score. The ending was satisfying."
65,The Silent Forest,Fantasy,"A disappointing mess. The dialogue felt unnatural."
66,Broken Bridges,Horror,"Brilliantly acted and directed. It dragged in the middle."
67,Dancing in the Dark,Mystery,"One of the best films I've seen this year. The characters were well-developed."
68,The Crimson Peak,Romance,"The acting was wooden and unconvincing. The special effects were impressive."
69,A River Runs Through,Sci-Fi,"An average film with some good moments. It had a great twist."
70,Chasing Stars,Thriller,"A heartfelt journey that stays with you. It felt rushed."
71,The Forgotten Kingdom,Action,"Superb performances all around. The pacing was excellent."
72,Neon City,Adventure,"Overlong and boring. The soundtrack really stood out."
73,The Iron Claw,Comedy,"A must-watch for any film lover. I loved the cinematography."
74,Starlight Memories,Drama,"Lacked any real substance. The ending was satisfying."
75,The Ocean's Heart,Fantasy,"Exhilarating and thought-provoking. The dialogue felt unnatural."
76,The Phantom Hour,Horror,"Forgettable and cliché. It dragged in the middle."
77,Rising Sun,Mystery,"A triumph of storytelling. The characters were well-developed."
78,The Winter's Tale,Romance,"A muddled plot with no direction. The special effects were impressive."
79,Beneath the Surface,Sci-Fi,"Decent but not outstanding. It had a great twist."
80,The Golden Compass,Thriller,"An absolute masterpiece! It felt rushed."
81,Infinite Horizons,Action,"A disappointing mess. The pacing was excellent."
82,The Shadow's Edge,Adventure,"Brilliantly acted and directed. The soundtrack really stood out."
83,The Last Guardian,Comedy,"A captivating story from start to finish. I loved the cinematography."
84,The Timekeeper,Drama,"Stunning visuals and a moving score. The ending was satisfying."
85,The Emerald Blade,Fantasy,"A disappointing mess. The dialogue felt unnatural."
86,Falling Skies,Horror,"Brilliantly acted and directed. It dragged in the middle."
87,The Secret Garden,Mystery,"One of the best films I've seen this year. The characters were well-developed."
88,The Lost Island,Romance,"The acting was wooden and unconvincing. The special effects were impressive."
89,The Crystal Maze,Sci-Fi,"An average film with some good moments. It had a great twist."
90,The Dark Horizon,Thriller,"A heartfelt journey that stays with you. It felt rushed."
91,The Last Voyage,Action,"Superb performances all around. The pacing was excellent."
92,Echoes of Tomorrow,Adventure,"Overlong and boring. The soundtrack really stood out."
93,Whispering Shadows,Comedy,"A must-watch for any film lover. I loved the cinematography."
94,Galaxy Quest,Drama,"Lacked any real substance. The ending was satisfying."
95,The Silent Forest,Fantasy,"Exhilarating and thought-provoking. The dialogue felt unnatural."
96,Broken Bridges,Horror,"Forgettable and cliché. It dragged in the middle."
97,Dancing in the Dark,Mystery,"A triumph of storytelling. The characters were well-developed."
98,The Crimson Peak,Romance,"A muddled plot with no direction. The special effects were impressive."
99,A River Runs Through,Sci-Fi,"Decent but not outstanding. It had a great twist."
100,Chasing Stars,Thriller,"An absolute masterpiece! It felt rushed."
101,The Forgotten Kingdom,Action,"A disappointing mess. The pacing was excellent."
102,Neon City,Adventure,"Brilliantly acted and directed. The soundtrack really stood out."
103,The Iron Claw,Comedy,"A captivating story from start to finish. I loved the cinematography."
104,Starlight Memories,Drama,"Stunning visuals and a moving score. The ending was satisfying."
105,The Ocean's Heart,Fantasy,"A disappointing mess. The dialogue felt unnatural."
106,The Phantom Hour,Horror,"Brilliantly acted and directed. It dragged in the middle."
107,Rising Sun,Mystery,"One of the best films I've seen this year. The characters were well-developed."
108,The Winter's Tale,Romance,"The acting was wooden and unconvincing. The special effects were impressive."
109,Beneath the Surface,Sci-Fi,"An average film with some good moments. It had a great twist."
110,The Golden Compass,Thriller,"A heartfelt journey that stays with you. It felt rushed."
111,Infinite Horizons,Action,"Superb performances all around. The pacing was excellent."
112,The Shadow's Edge,Adventure,"Overlong and boring. The soundtrack really stood out."
113,The Last Guardian,Comedy,"A must-watch for any film lover. I loved the cinematography."
114,The Timekeeper,Drama,"Lacked any real substance. The ending was satisfying."
115,The Emerald Blade,Fantasy,"Exhilarating and thought-provoking. The dialogue felt unnatural."
116,Falling Skies,Horror,"Forgettable and cliché. It dragged in the middle."
117,The Secret Garden,Mystery,"A triumph of storytelling. The characters were well-developed."
118,The Lost Island,Romance,"A muddled plot with no direction. The special effects were impressive."
119,The Crystal Maze,Sci-Fi,"Decent but not outstanding. It had a great twist."
120,The Dark Horizon,Thriller,"An absolute masterpiece! It felt rushed."
121,The Last Voyage,Action,"A disappointing mess. The pacing was excellent."
122,Echoes of Tomorrow,Adventure,"Brilliantly acted and directed. The soundtrack really stood out."
123,Whispering Shadows,Comedy,"A captivating story from start to finish. I loved the cinematography."
124,Galaxy Quest,Drama,"Stunning visuals and a moving score. The ending was satisfying."
125,The Silent Forest,Fantasy,"A disappointing mess. The dialogue felt unnatural."
126,Broken Bridges,Horror,"Brilliantly acted and directed. It dragged in the middle."
127,Dancing in the Dark,Mystery,"One of the best films I've seen this year. The characters were well-developed."
128,The Crimson Peak,Romance,"The acting was wooden and unconvincing. The special effects were impressive."
129,A River Runs Through,Sci-Fi,"An average film with some good moments. It had a great twist."
130,Chasing Stars,Thriller,"A heartfelt journey that stays with you. It felt rushed."
131,The Forgotten Kingdom,Action,"Superb performances all around. The pacing was excellent."
132,Neon City,Adventure,"Overlong and boring. The soundtrack really stood out."
133,The Iron Claw,Comedy,"A must-watch for any film lover. I loved the cinematography."
134,Starlight Memories,Drama,"Lacked any real substance. The ending was satisfying."
135,The Ocean's Heart,Fantasy,"Exhilarating and thought-provoking. The dialogue felt unnatural."
136,The Phantom Hour,Horror,"Forgettable and cliché. It dragged in the middle."
137,Rising Sun,Mystery,"A triumph of storytelling. The characters were well-developed."
138,The Winter's Tale,Romance,"A muddled plot with no direction. The special effects were impressive."
139,Beneath the Surface,Sci-Fi,"Decent but not outstanding. It had a great twist."
140,The Golden Compass,Thriller,"An absolute masterpiece! It felt rushed."
141,Infinite Horizons,Action,"A disappointing mess. The pacing was excellent."
142,The Shadow's Edge,Adventure,"Brilliantly acted and directed. The soundtrack really stood out."
143,The Last Guardian,Comedy,"A captivating story from start to finish. I loved the cinematography."
144,The Timekeeper,Drama,"Stunning visuals and a moving score. The ending was satisfying."
145,The Emerald Blade,Fantasy,"A disappointing mess. The dialogue felt unnatural."
146,Falling Skies,Horror,"Brilliantly acted and directed. It dragged in the middle."
147,The Secret Garden,Mystery,"One of the best films I've seen this year. The characters were well-developed."
148,The Lost Island,Romance,"The acting was wooden and unconvincing. The special effects were impressive."
149,The Crystal Maze,Sci-Fi,"An average film with some good moments. It had a great twist."
150,The Dark Horizon,Thriller,"A heartfelt journey that stays with you. It felt rushed."
151,The Last Voyage,Action,"Superb performances all around. The pacing was excellent."
152,Echoes of Tomorrow,Adventure,"Overlong and boring. The soundtrack really stood out."
153,Whispering Shadows,Comedy,"A must-watch for any film lover. I loved the cinematography."
154,Galaxy Quest,Drama,"Lacked any real substance. The ending was satisfying."
155,The Silent Forest,Fantasy,"Exhilarating and thought-provoking. The dialogue felt unnatural."
156,Broken Bridges,Horror,"Forgettable and cliché. It dragged in the middle."
157,Dancing in the Dark,Mystery,"A triumph of storytelling. The characters were well-developed."
158,The Crimson Peak,Romance,"A muddled plot with no direction. The special effects were impressive."
159,A River Runs Through,Sci-Fi,"Decent but not outstanding. It had a great twist."
160,Chasing Stars,Thriller,"An absolute masterpiece! It felt rushed."
161,The Forgotten Kingdom,Action,"A disappointing mess. The pacing was excellent."
162,Neon City,Adventure,"Brilliantly acted and directed. The soundtrack really stood out."
163,The Iron Claw,Comedy,"A captivating story from start to finish. I loved the cinematography."
164,Starlight Memories,Drama,"Stunning visuals and a moving score. The ending was satisfying."
165,The Ocean's Heart,Fantasy,"A disappointing mess. The dialogue felt unnatural."
166,The Phantom Hour,Horror,"Brilliantly acted and directed. It dragged in the middle."
167,Rising Sun,Mystery,"One of the best films I've seen this year. The characters were well-developed."
168,The Winter's Tale,Romance,"The acting was wooden and unconvincing. The special effects were impressive."
169,Beneath the Surface,Sci-Fi,"An average film with some good moments. It had a great twist."
170,The Golden Compass,Thriller,"A heartfelt journey that stays with you. It felt rushed."
171,Infinite Horizons,Action,"Superb performances all around. The pacing was excellent."
172,The Shadow's Edge,Adventure,"Overlong and boring. The soundtrack really stood out."
173,The Last Guardian,Comedy,"A must-watch for any film lover. I loved the cinematography."
174,The Timekeeper,Drama,"Lacked any real substance. The ending was satisfying."
175,The Emerald Blade,Fantasy,"Exhilarating and thought-provoking. The dialogue felt unnatural."
176,Falling Skies,Horror,"Forgettable and cliché. It dragged in the middle."
177,The Secret Garden,Mystery,"A triumph of storytelling. The characters were well-developed."
178,The Lost Island,Romance,"A muddled plot with no direction. The special effects were impressive."
179,The Crystal Maze,Sci-Fi,"Decent but not outstanding. It had a great twist."
180,The Dark Horizon,Thriller,"An absolute masterpiece! It felt rushed."
181,The Last Voyage,Action,"A disappointing mess. The pacing was excellent."
182,Echoes of Tomorrow,Adventure,"Brilliantly acted and directed. The soundtrack really stood out."
183,Whispering Shadows,Comedy,"A captivating story from start to finish. I loved the cinematography."
184,Galaxy Quest,Drama,"Stunning visuals and a moving score. The ending was satisfying."
185,The Silent Forest,Fantasy,"A disappointing mess. The dialogue felt unnatural."
186,Broken Bridges,Horror,"Brilliantly acted and directed. It dragged in the middle."
187,Dancing in the Dark,Mystery,"One of the best films I've seen this year. The characters were well-developed."
188,The Crimson Peak,Romance,"The acting was wooden and unconvincing. The special effects were impressive."
189,A River Runs Through,Sci-Fi,"An average film with some good moments. It had a great twist."
190,Chasing Stars,Thriller,"A heartfelt journey that stays with you. It felt rushed."
191,The Forgotten Kingdom,Action,"Superb performances all around. The pacing was excellent."
192,Neon City,Adventure,"Overlong and boring. The soundtrack really stood out."
193,The Iron Claw,Comedy,"A must-watch for any film lover. I loved the cinematography."
194,Starlight Memories,Drama,"Lacked any real substance. The ending was satisfying."
195,The Ocean's Heart,Fantasy,"Exhilarating and thought-provoking. The dialogue felt unnatural."
196,The Phantom Hour,Horror,"Forgettable and cliché. It dragged in the middle."
197,Rising Sun,Mystery,"A triumph of storytelling. The characters were well-developed."
198,The Winter's Tale,Romance,"A muddled plot with no direction. The special effects were impressive."
199,Beneath the Surface,Sci-Fi,"Decent but not outstanding. It had a great twist."
200,The Golden Compass,Thriller,"An absolute masterpiece! It felt rushed."
201,Infinite Horizons,Action,"A disappointing mess. The pacing was excellent."
202,The Shadow's Edge,Adventure,"Brilliantly acted and directed. The soundtrack really stood out."
203,The Last Guardian,Comedy,"A captivating story from start to finish. I loved the cinematography."
204,The Timekeeper,Drama,"Stunning visuals and a moving score. The ending was satisfying."
205,The Emerald Blade,Fantasy,"A disappointing mess. The dialogue felt unnatural."
206,Falling Skies,Horror,"Brilliantly acted and directed. It dragged in the middle."
207,The Secret Garden,Mystery,"One of the best films I've seen this year. The characters were well-developed."
208,The Lost Island,Romance,"The acting was wooden and unconvincing. The special effects were impressive."
209,The Crystal Maze,Sci-Fi,"An average film with some good moments. It had a great twist."
210,The Dark Horizon,Thriller,"A heartfelt journey that stays with you. It felt rushed."
211,The Last Voyage,Action,"Superb performances all around. The pacing was excellent."
212,Echoes of Tomorrow,Adventure,"Overlong and boring. The soundtrack really stood out."
213,Whispering Shadows,Comedy,"A must-watch for any film lover. I loved the cinematography."
214,Galaxy Quest,Drama,"Lacked any real substance. The ending was satisfying."
215,The Silent Forest,Fantasy,"Exhilarating and thought-provoking. The dialogue felt unnatural."
216,Broken Bridges,Horror,"Forgettable and cliché. It dragged in the middle."
217,Dancing in the Dark,Mystery,"A triumph of storytelling. The characters were well-developed."
218,The Crimson Peak,Romance,"A muddled plot with no direction. The special effects were impressive."
219,A River Runs Through,Sci-Fi,"Decent but not outstanding. It had a great twist."
220,Chasing Stars,Thriller,"An absolute masterpiece! It felt rushed."
221,The Forgotten Kingdom,Action,"A disappointing mess. The pacing was excellent."
222,Neon City,Adventure,"Brilliantly acted and directed. The soundtrack really stood out."
223,The Iron Claw,Comedy,"A captivating story from start to finish. I loved the cinematography."
224,Starlight Memories,Drama,"Stunning visuals and a moving score. The ending was satisfying."
225,The Ocean's Heart,Fantasy,"A disappointing mess. The dialogue felt unnatural."
226,The Phantom Hour,Horror,"Brilliantly acted and directed. It dragged in the middle."
227,Rising Sun,Mystery,"One of the best films I've seen this year. The characters were well-developed."
228,The Winter's Tale,Romance,"The acting was wooden and unconvincing. The special effects were impressive."
229,Beneath the Surface,Sci-Fi,"An average film with some good moments. It had a great twist."
230,The Golden Compass,Thriller,"A heartfelt journey that stays with you. It felt rushed."
231,Infinite Horizons,Action,"Superb performances all around. The pacing was excellent."
232,The Shadow's Edge,Adventure,"Overlong and boring. The soundtrack really stood out."
233,The Last Guardian,Comedy,"A must-watch for any film lover. I loved the cinematography."
234,The Timekeeper,Drama,"Lacked any real substance. The ending was satisfying."
235,The Emerald Blade,Fantasy,"Exhilarating and thought-provoking. The dialogue felt unnatural."
236,Falling Skies,Horror,"Forgettable and cliché. It dragged in the middle."
237,The Secret Garden,Mystery,"A triumph of storytelling. The characters were well-developed."
238,The Lost Island,Romance,"A muddled plot with no direction. The special effects were impressive."
239,The Crystal Maze,Sci-Fi,"Decent but not outstanding. It had a great twist."
240,The Dark Horizon,Thriller,"An absolute masterpiece! It felt rushed."
241,The Last Voyage,Action,"A disappointing mess. The pacing was excellent."
242,Echoes of Tomorrow,Adventure,"Brilliantly acted and directed. The soundtrack really stood out."
243,Whispering Shadows,Comedy,"A captivating story from start to finish. I loved the cinematography."
244,Galaxy Quest,Drama,"Stunning visuals and a moving score. The ending was satisfying."
245,The Silent Forest,Fantasy,"A disappointing mess. The dialogue felt unnatural."
246,Broken Bridges,Horror,"Brilliantly acted and directed. It dragged in the middle."
247,Dancing in the Dark,Mystery,"One of the best films I've seen this year. The characters were well-developed."
248,The Crimson Peak,Romance,"The acting was wooden and unconvincing. The special effects were impressive."
249,A River Runs Through,Sci-Fi,"An average film with some good moments. It had a great twist."
250,Chasing Stars,Thriller,"A heartfelt journey that stays with you. It felt rushed."
251,The Forgotten Kingdom,Action,"Superb performances all around. The pacing was excellent."
252,Neon City,Adventure,"Overlong and boring. The soundtrack really stood out."
253,The Iron Claw,Comedy,"A must-watch for any film lover. I loved the cinematography."
254,Starlight Memories,Drama,"Lacked any real substance. The ending was satisfying."
255,The Ocean's Heart,Fantasy,"Exhilarating and thought-provoking. The dialogue felt unnatural."
256,The Phantom Hour,Horror,"Forgettable and cliché. It dragged in the middle."
257,Rising Sun,Mystery,"A triumph of storytelling. The characters were well-developed."
258,The Winter's Tale,Romance,"A muddled plot with no direction. The special effects were impressive."
259,Beneath the Surface,Sci-Fi,"Decent but not outstanding. It had a great twist."
260,The Golden Compass,Thriller,"An absolute masterpiece! It felt rushed."
261,Infinite Horizons,Action,"A disappointing mess. The pacing was excellent."
262,The Shadow's Edge,Adventure,"Brilliantly acted and directed. The soundtrack really stood out."
263,The Last Guardian,Comedy,"A captivating story from start to finish. I loved the cinematography."
264,The Timekeeper,Drama,"Stunning visuals and a moving score. The ending was satisfying."
265,The Emerald Blade,Fantasy,"A disappointing mess. The dialogue felt unnatural."
266,Falling Skies,Horror,"Brilliantly acted and directed. It dragged in the middle."
267,The Secret Garden,Mystery,"One of the best films I've seen this year. The characters were well-developed."
268,The Lost Island,Romance,"The acting was wooden and unconvincing. The special effects were impressive."
269,The Crystal Maze,Sci-Fi,"An average film with some good moments. It had a great twist."
270,The Dark Horizon,Thriller,"A heartfelt journey that stays with you. It felt rushed."
271,The Last Voyage,Action,"Superb performances all around. The pacing was excellent."
272,Echoes of Tomorrow,Adventure,"Overlong and boring. The soundtrack really stood out."
273,Whispering Shadows,Comedy,"A must-watch for any film lover. I loved the cinematography."
274,Galaxy Quest,Drama,"Lacked any real substance. The ending was satisfying."
275,The Silent Forest,Fantasy,"Exhilarating and thought-provoking. The dialogue felt unnatural."
276,Broken Bridges,Horror,"Forgettable and cliché. It dragged in the middle."
277,Dancing in the Dark,Mystery,"A triumph of storytelling. The characters were well-developed."
278,The Crimson Peak,Romance,"A muddled plot with no direction. The special effects were impressive."
279,A River Runs Through,Sci-Fi,"Decent but not outstanding. It had a great twist."
280,Chasing Stars,Thriller,"An absolute masterpiece! It felt rushed."
281,The Forgotten Kingdom,Action,"A disappointing mess. The pacing was excellent."
282,Neon City,Adventure,"Brilliantly acted and directed. The soundtrack really stood out."
283,The Iron Claw,Comedy,"A captivating story from start to finish. I loved the cinematography."
284,Starlight Memories,Drama,"Stunning visuals and a moving score. The ending was satisfying."
285,The Ocean's Heart,Fantasy,"A disappointing mess. The dialogue felt unnatural."
286,The Phantom Hour,Horror,"Brilliantly acted and directed. It dragged in the middle."
287,Rising Sun,Mystery,"One of the best films I've seen this year. The characters were well-developed."
288,The Winter's Tale,Romance,"The acting was wooden and unconvincing. The special effects were impressive."
289,Beneath the Surface,Sci-Fi,"An average film with some good moments. It had a great twist."
290,The Golden Compass,Thriller,"A heartfelt journey that stays with you. It felt rushed."
291,Infinite Horizons,Action,"Superb performances all around. The pacing was excellent."
292,The Shadow's Edge,Adventure,"Overlong and boring. The soundtrack really stood out."
293,The Last Guardian,Comedy,"A must-watch for any film lover. I loved the cinematography."
294,The Timekeeper,Drama,"Lacked any real substance. The ending was satisfying."
295,The Emerald Blade,Fantasy,"Exhilarating and thought-provoking. The dialogue felt unnatural."
296,Falling Skies,Horror,"Forgettable and cliché. It dragged in the middle."
297,The Secret Garden,Mystery,"A triumph of storytelling. The characters were well-developed."
298,The Lost Island,Romance,"A muddled plot with no direction. The special effects were impressive."
299,The Crystal Maze,Sci-Fi,"Decent but not outstanding. It had a great twist."
300,The Dark Horizon,Thriller,"An absolute masterpiece! It felt rushed."
301,The Last Voyage,Action,"A disappointing mess. The pacing was excellent."
302,Echoes of Tomorrow,Adventure,"Brilliantly acted and directed. The soundtrack really stood out."
303,Whispering Shadows,Comedy,"A captivating story from start to finish. I loved the cinematography."
304,Galaxy Quest,Drama,"Stunning visuals and a moving score. The ending was satisfying."
305,The Silent Forest,Fantasy,"A disappointing mess. The dialogue felt unnatural."
306,Broken Bridges,Horror,"Brilliantly acted and directed. It dragged in the middle."
307,Dancing in the Dark,Mystery,"One of the best films I've seen this year. The characters were well-developed."
308,The Crimson Peak,Romance,"The acting was wooden and unconvincing. The special effects were impressive."
309,A River Runs Through,Sci-Fi,"An average film with some good moments. It had a great twist."
310,Chasing Stars,Thriller,"A heartfelt journey that stays with you. It felt rushed."
311,The Forgotten Kingdom,Action,"Superb performances all around. The pacing was excellent."
312,Neon City,Adventure,"Overlong and boring. The soundtrack really stood out."
313,The Iron Claw,Comedy,"A must-watch for any film lover. I loved the cinematography."
314,Starlight Memories,Drama,"Lacked any real substance. The ending was satisfying."
315,The Ocean's Heart,Fantasy,"Exhilarating and thought-provoking. The dialogue felt unnatural."
316,The Phantom Hour,Horror,"Forgettable and cliché. It dragged in the middle."
317,Rising Sun,Mystery,"A triumph of storytelling. The characters were well-developed."
318,The Winter's Tale,Romance,"A muddled plot with no direction. The special effects were impressive."
319,Beneath the Surface,Sci-Fi,"Decent but not outstanding. It had a great twist."
320,The Golden Compass,Thriller,"An absolute masterpiece! It felt rushed."
321,Infinite Horizons,Action,"A disappointing mess. The pacing was excellent."
322,The Shadow's Edge,Adventure,"Brilliantly acted and directed. The soundtrack really stood out."
323,The Last Guardian,Comedy,"A captivating story from start to finish. I loved the cinematography."
324,The Timekeeper,Drama,"Stunning visuals and a moving score. The ending was satisfying."
325,The Emerald Blade,Fantasy,"A disappointing mess. The dialogue felt unnatural."
326,Falling Skies,Horror,"Brilliantly acted and directed. It dragged in the middle."
327,The Secret Garden,Mystery,"One of the best films I've seen this year. The characters were well-developed."
328,The Lost Island,Romance,"The acting was wooden and unconvincing. The special effects were impressive."
329,The Crystal Maze,Sci-Fi,"An average film with some good moments. It had a great twist."
330,The Dark Horizon,Thriller,"A heartfelt journey that stays with you. It felt rushed."
331,The Last Voyage,Action,"Superb performances all around. The pacing was excellent."
332,Echoes of Tomorrow,Adventure,"Overlong and boring. The soundtrack really stood out."
333,Whispering Shadows,Comedy,"A must-watch for any film lover. I loved the cinematography."
334,Galaxy Quest,Drama,"Lacked any real substance. The ending was satisfying."
335,The Silent Forest,Fantasy,"Exhilarating and thought-provoking. The dialogue felt unnatural."
336,Broken Bridges,Horror,"Forgettable and cliché. It dragged in the middle."
337,Dancing in the Dark,Mystery,"A triumph of storytelling. The characters were well-developed."
338,The Crimson Peak,Romance,"A muddled plot with no direction. The special effects were impressive."
339,A River Runs Through,Sci-Fi,"Decent but not outstanding. It had a great twist."
340,Chasing Stars,Thriller,"An absolute masterpiece! It felt rushed."
341,The Forgotten Kingdom,Action,"A disappointing mess. The pacing was excellent."
342,Neon City,Adventure,"Brilliantly acted and directed. The soundtrack really stood out."
343,The Iron Claw,Comedy,"A captivating story from start to finish. I loved the cinematography."
344,Starlight Memories,Drama,"Stunning visuals and a moving score. The ending was satisfying."
345,The Ocean's Heart,Fantasy,"A disappointing mess. The dialogue felt unnatural."
346,The Phantom Hour,Horror,"Brilliantly acted and directed. It dragged in the middle."
347,Rising Sun,Mystery,"One of the best films I've seen this year. The characters were well-developed."
348,The Winter's Tale,Romance,"The acting was wooden and unconvincing. The special effects were impressive."
349,Beneath the Surface,Sci-Fi,"An average film with some good moments. It had a great twist."
350,The Golden Compass,Thriller,"A heartfelt journey that stays with you. It felt rushed."
351,Infinite Horizons,Action,"Superb performances all around. The pacing was excellent."
352,The Shadow's Edge,Adventure,"Overlong and boring. The soundtrack really stood out."
353,The Last Guardian,Comedy,"A must-watch for any film lover. I loved the cinematography."
354,The Timekeeper,Drama,"Lacked any real substance. The ending was satisfying."
355,The Emerald Blade,Fantasy,"Exhilarating and thought-provoking. The dialogue felt unnatural."
356,Falling Skies,Horror,"Forgettable and cliché. It dragged in the middle."
357,The Secret Garden,Mystery,"A triumph of storytelling. The characters were well-developed."
358,The Lost Island,Romance,"A muddled plot with no direction. The special effects were impressive."
359,The Crystal Maze,Sci-Fi,"Decent but not outstanding. It had a great twist."
360,The Dark Horizon,Thriller,"An absolute masterpiece! It felt rushed."
361,The Last Voyage,Action,"A disappointing mess. The pacing was excellent."
362,Echoes of Tomorrow,Adventure,"Brilliantly acted and directed. The soundtrack really stood out."
363,Whispering Shadows,Comedy,"A captivating story from start to finish. I loved the cinematography."
364,Galaxy Quest,Drama,"Stunning visuals and a moving score. The ending was satisfying."
365,The Silent Forest,Fantasy,"A disappointing mess. The dialogue felt unnatural."
366,Broken Bridges,Horror,"Brilliantly acted and directed. It dragged in the middle."
367,Dancing in the Dark,Mystery,"One of the best films I've seen this year. The characters were well-developed."
368,The Crimson Peak,Romance,"The acting was wooden and unconvincing. The special effects were impressive."
369,A River Runs Through,Sci-Fi,"An average film with some good moments. It had a great twist."
370,Chasing Stars,Thriller,"A heartfelt journey that stays with you. It felt rushed."
371,The Forgotten Kingdom,Action,"Superb performances all around. The pacing was excellent."
372,Neon City,Adventure,"Overlong and boring. The soundtrack really stood out."
373,The Iron Claw,Comedy,"A must-watch for any film lover. I loved the cinematography."
374,Starlight Memories,Drama,"Lacked any real substance. The ending was satisfying."
375,The Ocean's Heart,Fantasy,"Exhilarating and thought-provoking. The dialogue felt unnatural."
376,The Phantom Hour,Horror,"Forgettable and cliché. It dragged in the middle."
377,Rising Sun,Mystery,"A triumph of storytelling. The characters were well-developed."
378,The Winter's Tale,Romance,"A muddled plot with no direction. The special effects were impressive."
379,Beneath the Surface,Sci-Fi,"Decent but not outstanding. It had a great twist."
380,The Golden Compass,Thriller,"An absolute masterpiece! It felt rushed."
381,Infinite Horizons,Action,"A disappointing mess. The pacing was excellent."
382,The Shadow's Edge,Adventure,"Brilliantly acted and directed. The soundtrack really stood out."
383,The Last Guardian,Comedy,"A captivating story from start to finish. I loved the cinematography."
384,The Timekeeper,Drama,"Stunning visuals and a moving score. The ending was satisfying."
385,The Emerald Blade,Fantasy,"A disappointing mess. The dialogue felt unnatural."
386,Falling Skies,Horror,"Brilliantly acted and directed. It dragged in the middle."
387,The Secret Garden,Mystery,"One of the best films I've seen this year. The characters were well-developed."
388,The Lost Island,Romance,"The acting was wooden and unconvincing. The special effects were impressive."
389,The Crystal Maze,Sci-Fi,"An average film with some good moments. It had a great twist."
390,The Dark Horizon,Thriller,"A heartfelt journey that stays with you. It felt rushed."
391,The Last Voyage,Action,"Superb performances all around. The pacing was excellent."
392,Echoes of Tomorrow,Adventure,"Overlong and boring. The soundtrack really stood out."
393,Whispering Shadows,Comedy,"A must-watch for any film lover. I loved the cinematography."
394,Galaxy Quest,Drama,"Lacked any real substance. The ending was satisfying."
395,The Silent Forest,Fantasy,"Exhilarating and thought-provoking. The dialogue felt unnatural."
396,Broken Bridges,Horror,"Forgettable and cliché. It dragged in the middle."
397,Dancing in the Dark,Mystery,"A triumph of storytelling. The characters were well-developed."
398,The Crimson Peak,Romance,"A muddled plot with no direction. The special effects were impressive."
399,A River Runs Through,Sci-Fi,"Decent but not outstanding. It had a great twist."
400,Chasing Stars,Thriller,"An absolute masterpiece! It felt rushed."
401,The Forgotten Kingdom,Action,"A disappointing mess. The pacing was excellent."
402,Neon City,Adventure,"Brilliantly acted and directed. The soundtrack really stood out."
403,The Iron Claw,Comedy,"A captivating story from start to finish. I loved the cinematography."
404,Starlight Memories,Drama,"Stunning visuals and a moving score. The ending was satisfying."
405,The Ocean's Heart,Fantasy,"A disappointing mess. The dialogue felt unnatural."
406,The Phantom Hour,Horror,"Brilliantly acted and directed. It dragged in the middle."
407,Rising Sun,Mystery,"One of the best films I've seen this year. The characters were well-developed."
408,The Winter's Tale,Romance,"The acting was wooden and unconvincing. The special effects were impressive."
409,Beneath the Surface,Sci-Fi,"An average film with some good moments. It had a great twist."
410,The Golden Compass,Thriller,"A heartfelt journey that stays with you. It felt rushed."
411,Infinite Horizons,Action,"Superb performances all around. The pacing was excellent."
412,The Shadow's Edge,Adventure,"Overlong and boring. The soundtrack really stood out."
413,The Last Guardian,Comedy,"A must-watch for any film lover. I loved the cinematography."
414,The Timekeeper,Drama,"Lacked any real substance. The ending was satisfying."
415,The Emerald Blade,Fantasy,"Exhilarating and thought-provoking. The dialogue felt unnatural."
416,Falling Skies,Horror,"Forgettable and cliché. It dragged in the middle."
417,The Secret Garden,Mystery,"A triumph of storytelling. The characters were well-developed."
418,The Lost Island,Romance,"A muddled plot with no direction. The special effects were impressive."
419,The Crystal Maze,Sci-Fi,"Decent but not outstanding. It had a great twist."
420,The Dark Horizon,Thriller,"An absolute masterpiece! It felt rushed."
421,The Last Voyage,Action,"A disappointing mess. The pacing was excellent."
422,Echoes of Tomorrow,Adventure,"Brilliantly acted and directed. The soundtrack really stood out."
423,Whispering Shadows,Comedy,"A captivating story from start to finish. I loved the cinematography."
424,Galaxy Quest,Drama,"Stunning visuals and a moving score. The ending was satisfying."
425,The Silent Forest,Fantasy,"A disappointing mess. The dialogue felt unnatural."
426,Broken Bridges,Horror,"Brilliantly acted and directed. It dragged in the middle."
427,Dancing in the Dark,Mystery,"One of the best films I've seen this year. The characters were well-developed."
428,The Crimson Peak,Romance,"The acting was wooden and unconvincing. The special effects were impressive."
429,A River Runs Through,Sci-Fi,"An average film with some good moments. It had a great twist."
430,Chasing Stars,Thriller,"A heartfelt journey that stays with you. It felt rushed."
431,The Forgotten Kingdom,Action,"Superb performances all around. The pacing was excellent."
432,Neon City,Adventure,"Overlong and boring. The soundtrack really stood out."
433,The Iron Claw,Comedy,"A must-watch for any film lover. I loved the cinematography."
434,Starlight Memories,Drama,"Lacked any real substance. The ending was satisfying."
435,The Ocean's Heart,Fantasy,"Exhilarating and thought-provoking. The dialogue felt unnatural."
436,The Phantom Hour,Horror,"Forgettable and cliché. It dragged in the middle."
437,Rising Sun,Mystery,"A triumph of storytelling. The characters were well-developed."
438,The Winter's Tale,Romance,"A muddled plot with no direction. The special effects were impressive."
439,Beneath the Surface,Sci-Fi,"Decent but not outstanding. It had a great twist."
440,The Golden Compass,Thriller,"An absolute masterpiece! It felt rushed."
441,Infinite Horizons,Action,"A disappointing mess. The pacing was excellent."
442,The Shadow's Edge,Adventure,"Brilliantly acted and directed. The soundtrack really stood out."
443,The Last Guardian,Comedy,"A captivating story from start to finish. I loved the cinematography."
444,The Timekeeper,Drama,"Stunning visuals and a moving score. The ending was satisfying."
445,The Emerald Blade,Fantasy,"A disappointing mess. The dialogue felt unnatural."
446,Falling Skies,Horror,"Brilliantly acted and directed. It dragged in the middle."
447,The Secret Garden,Mystery,"One of the best films I've seen this year. The characters were well-developed."
448,The Lost Island,Romance,"The acting was wooden and unconvincing. The special effects were impressive."
449,The Crystal Maze,Sci-Fi,"An average film with some good moments. It had a great twist."
450,The Dark Horizon,Thriller,"A heartfelt journey that stays with you. It felt rushed."
451,The Last Voyage,Action,"Superb performances all around. The pacing was excellent."
452,Echoes of Tomorrow,Adventure,"Overlong and boring. The soundtrack really stood out."
453,Whispering Shadows,Comedy,"A must-watch for any film lover. I loved the cinematography."
454,Galaxy Quest,Drama,"Lacked any real substance. The ending was satisfying."
455,The Silent Forest,Fantasy,"Exhilarating and thought-provoking. The dialogue felt unnatural."
456,Broken Bridges,Horror,"Forgettable and cliché. It dragged in the middle."
457,Dancing in the Dark,Mystery,"A triumph of storytelling. The characters were well-developed."
458,The Crimson Peak,Romance,"A muddled plot with no direction. The special effects were impressive."
459,A River Runs Through,Sci-Fi,"Decent but not outstanding. It had a great twist."
460,Chasing Stars,Thriller,"An absolute masterpiece! It felt rushed."
461,The Forgotten Kingdom,Action,"A disappointing mess. The pacing was excellent."
462,Neon City,Adventure,"Brilliantly acted and directed. The soundtrack really stood out."
463,The Iron Claw,Comedy,"A captivating story from start to finish. I loved the cinematography."
464,Starlight Memories,Drama,"Stunning visuals and a moving score. The ending was satisfying."
465,The Ocean's Heart,Fantasy,"A disappointing mess. The dialogue felt unnatural."
466,The Phantom Hour,Horror,"Brilliantly acted and directed. It dragged in the middle."
467,Rising Sun,Mystery,"One of the best films I've seen this year. The characters were well-developed."
468,The Winter's Tale,Romance,"The acting was wooden and unconvincing. The special effects were impressive."
469,Beneath the Surface,Sci-Fi,"An average film with some good moments. It had a great twist."
470,The Golden Compass,Thriller,"A heartfelt journey that stays with you. It felt rushed."
471,Infinite Horizons,Action,"Superb performances all around. The pacing was excellent."
472,The Shadow's Edge,Adventure,"Overlong and boring. The soundtrack really stood out."
473,The Last Guardian,Comedy,"A must-watch for any film lover. I loved the cinematography."
474,The Timekeeper,Drama,"Lacked any real substance. The ending was satisfying."
475,The Emerald Blade,Fantasy,"Exhilarating and thought-provoking. The dialogue felt unnatural."
476,Falling Skies,Horror,"Forgettable and cliché. It dragged in the middle."
477,The Secret Garden,Mystery,"A triumph of storytelling. The characters were well-developed."
478,The Lost Island,Romance,"A muddled plot with no direction. The special effects were impressive."
479,The Crystal Maze,Sci-Fi,"Decent but not outstanding. It had a great twist."
480,The Dark Horizon,Thriller,"An absolute masterpiece! It felt rushed."
481,The Last Voyage,Action,"A disappointing mess. The pacing was excellent."
482,Echoes of Tomorrow,Adventure,"Brilliantly acted and directed. The soundtrack really stood out."
483,Whispering Shadows,Comedy,"A captivating story from start to finish. I loved the cinematography."
484,Galaxy Quest,Drama,"Stunning visuals and a moving score. The ending was satisfying."
485,The Silent Forest,Fantasy,"A disappointing mess. The dialogue felt unnatural."
486,Broken Bridges,Horror,"Brilliantly acted and directed. It dragged in the middle."
487,Dancing in the Dark,Mystery,"One of the best films I've seen this year. The characters were well-developed."
488,The Crimson Peak,Romance,"The acting was wooden and unconvincing. The special effects were impressive."
489,A River Runs Through,Sci-Fi,"An average film with some good moments. It had a great twist."
490,Chasing Stars,Thriller,"A heartfelt journey that stays with you. It felt rushed."
491,The Forgotten Kingdom,Action,"Superb performances all around. The pacing was excellent."
492,Neon City,Adventure,"Overlong and boring. The soundtrack really stood out."
493,The Iron Claw,Comedy,"A must-watch for any film lover. I loved the cinematography."
494,Starlight Memories,Drama,"Lacked any real substance. The ending was satisfying."
495,The Ocean's Heart,Fantasy,"Exhilarating and thought-provoking. The dialogue felt unnatural."
496,The Phantom Hour,Horror,"Forgettable and cliché. It dragged in the middle."
497,Rising Sun,Mystery,"A triumph of storytelling. The characters were well-developed."
498,The Winter's Tale,Romance,"A muddled plot with no direction. The special effects were impressive."
499,Beneath the Surface,Sci-Fi,"Decent but not outstanding. It had a great twist."
500,The Golden Compass,Thriller,"An absolute masterpiece! It felt rushed."
501,Infinite Horizons,Action,"A disappointing mess. The pacing was excellent."
502,The Shadow's Edge,Adventure,"Brilliantly acted and directed. The soundtrack really stood out."
503,The Last Guardian,Comedy,"A captivating story from start to finish. I loved the cinematography."
504,The Timekeeper,Drama,"Stunning visuals and a moving score. The ending was satisfying."
505,The Emerald Blade,Fantasy,"A disappointing mess. The dialogue felt unnatural."
506,Falling Skies,Horror,"Brilliantly acted and directed. It dragged in the middle."
507,The Secret Garden,Mystery,"One of the best films I've seen this year. The characters were well-developed."
508,The Lost Island,Romance,"The acting was wooden and unconvincing. The special effects were impressive."
509,The Crystal Maze,Sci-Fi,"An average film with some good moments. It had a great twist."
510,The Dark Horizon,Thriller,"A heartfelt journey that stays with you. It felt rushed."
511,The Last Voyage,Action,"Superb performances all around. The pacing was excellent."
512,Echoes of Tomorrow,Adventure,"Overlong and boring. The soundtrack really stood out."
513,Whispering Shadows,Comedy,"A must-watch for any film lover. I loved the cinematography."
514,Galaxy Quest,Drama,"Lacked any real substance. The ending was satisfying."
515,The Silent Forest,Fantasy,"Exhilarating and thought-provoking. The dialogue felt unnatural."
516,Broken Bridges,Horror,"Forgettable and cliché. It dragged in the middle."
517,Dancing in the Dark,Mystery,"A triumph of storytelling. The characters were well-developed."
518,The Crimson Peak,Romance,"A muddled plot with no direction. The special effects were impressive."
519,A River Runs Through,Sci-Fi,"Decent but not outstanding. It had a great twist."
520,Chasing Stars,Thriller,"An absolute masterpiece! It felt rushed."
521,The Forgotten Kingdom,Action,"A disappointing mess. The pacing was excellent."
522,Neon City,Adventure,"Brilliantly acted and directed. The soundtrack really stood out."
523,The Iron Claw,Comedy,"A captivating story from start to finish. I loved the cinematography."
524,Starlight Memories,Drama,"Stunning visuals and a moving score. The ending was satisfying."
525,The Ocean's Heart,Fantasy,"A disappointing mess. The dialogue felt unnatural."
526,The Phantom Hour,Horror,"Brilliantly acted and directed. It dragged in the middle."
527,Rising Sun,Mystery,"One of the best films I've seen this year. The characters were well-developed."
528,The Winter's Tale,Romance,"The acting was wooden and unconvincing. The special effects were impressive."
529,Beneath the Surface,Sci-Fi,"An average film with some good moments. It had a great twist."
530,The Golden Compass,Thriller,"A heartfelt journey that stays with you. It felt rushed."
531,Infinite Horizons,Action,"Superb performances all around. The pacing was excellent."
532,The Shadow's Edge,Adventure,"Overlong and boring. The soundtrack really stood out."
533,The Last Guardian,Comedy,"A must-watch for any film lover. I loved the cinematography."
534,The Timekeeper,Drama,"Lacked any real substance. The ending was satisfying."
535,The Emerald Blade,Fantasy,"Exhilarating and thought-provoking. The dialogue felt unnatural."
536,Falling Skies,Horror,"Forgettable and cliché. It dragged in the middle."
537,The Secret Garden,Mystery,"A triumph of storytelling. The characters were well-developed."
538,The Lost Island,Romance,"A muddled plot with no direction. The special effects were impressive."
539,The Crystal Maze,Sci-Fi,"Decent but not outstanding. It had a great twist."
540,The Dark Horizon,Thriller,"An absolute masterpiece! It felt rushed."
541,The Last Voyage,Action,"A disappointing mess. The pacing was excellent."
542,Echoes of Tomorrow,Adventure,"Brilliantly acted and directed. The soundtrack really stood out."
543,Whispering Shadows,Comedy,"A captivating story from start to finish. I loved the cinematography."
544,Galaxy Quest,Drama,"Stunning visuals and a moving score. The ending was satisfying."
545,The Silent Forest,Fantasy,"A disappointing mess. The dialogue felt unnatural."
546,Broken Bridges,Horror,"Brilliantly acted and directed. It dragged in the middle."
547,Dancing in the Dark,Mystery,"One of the best films I've seen this year. The characters were well-developed."
548,The Crimson Peak,Romance,"The acting was wooden and unconvincing. The special effects were impressive."
549,A River Runs Through,Sci-Fi,"An average film with some good moments. It had a great twist."
550,Chasing Stars,Thriller,"A heartfelt journey that stays with you. It felt rushed."
551,The Forgotten Kingdom,Action,"Superb performances all around. The pacing was excellent."
552,Neon City,Adventure,"Overlong and boring. The soundtrack really stood out."
553,The Iron Claw,Comedy,"A must-watch for any film lover. I loved the cinematography."
554,Starlight Memories,Drama,"Lacked any real substance. The ending was satisfying."
555,The Ocean's Heart,Fantasy,"Exhilarating and thought-provoking. The dialogue felt unnatural."
556,The Phantom Hour,Horror,"Forgettable and cliché. It dragged in the middle."
557,Rising Sun,Mystery,"A triumph of storytelling. The characters were well-developed."
558,The Winter's Tale,Romance,"A muddled plot with no direction. The special effects were impressive."
559,Beneath the Surface,Sci-Fi,"Decent but not outstanding. It had a great twist."
560,The Golden Compass,Thriller,"An absolute masterpiece! It felt rushed."
561,Infinite Horizons,Action,"A disappointing mess. The pacing was excellent."
562,The Shadow's Edge,Adventure,"Brilliantly acted and directed. The soundtrack really stood out."
563,The Last Guardian,Comedy,"A captivating story from start to finish. I loved the cinematography."
564,The Timekeeper,Drama,"Stunning visuals and a moving score. The ending was satisfying."
565,The Emerald Blade,Fantasy,"A disappointing mess. The dialogue felt unnatural."
566,Falling Skies,Horror,"Brilliantly acted and directed. It dragged in the middle."
567,The Secret Garden,Mystery,"One of the best films I've seen this year. The characters were well-developed."
568,The Lost Island,Romance,"The acting was wooden and unconvincing. The special effects were impressive."
569,The Crystal Maze,Sci-Fi,"An average film with some good moments. It had a great twist."
570,The Dark Horizon,Thriller,"A heartfelt journey that stays with you. It felt rushed."
571,The Last Voyage,Action,"Superb performances all around. The pacing was excellent."
572,Echoes of Tomorrow,Adventure,"Overlong and boring. The soundtrack really stood out."
573,Whispering Shadows,Comedy,"A must-watch for any film lover. I loved the cinematography."
574,Galaxy Quest,Drama,"Lacked any real substance. The ending was satisfying."
575,The Silent Forest,Fantasy,"Exhilarating and thought-provoking. The dialogue felt unnatural."
576,Broken Bridges,Horror,"Forgettable and cliché. It dragged in the middle."
577,Dancing in the Dark,Mystery,"A triumph of storytelling. The characters were well-developed."
578,The Crimson Peak,Romance,"A muddled plot with no direction. The special effects were impressive."
579,A River Runs Through,Sci-Fi,"Decent but not outstanding. It had a great twist."
580,Chasing Stars,Thriller,"An absolute masterpiece! It felt rushed."
581,The Forgotten Kingdom,Action,"A disappointing mess. The pacing was excellent."
582,Neon City,Adventure,"Brilliantly acted and directed. The soundtrack really stood out."
583,The Iron Claw,Comedy,"A captivating story from start to finish. I loved the cinematography."
584,Starlight Memories,Drama,"Stunning visuals and a moving score. The ending was satisfying."
585,The Ocean's Heart,Fantasy,"A disappointing mess. The dialogue felt unnatural."
586,The Phantom Hour,Horror,"Brilliantly acted and directed. It dragged in the middle."
587,Rising Sun,Mystery,"One of the best films I've seen this year. The characters were well-developed."
588,The Winter's Tale,Romance,"The acting was wooden and unconvincing. The special effects were impressive."
589,Beneath the Surface,Sci-Fi,"An average film with some good moments. It had a great twist."
590,The Golden Compass,Thriller,"A heartfelt journey that stays with you. It felt rushed."
591,Infinite Horizons,Action,"Superb performances all around. The pacing was excellent."
592,The Shadow's Edge,Adventure,"Overlong and boring. The soundtrack really stood out."
593,The Last Guardian,Comedy,"A must-watch for any film lover. I loved the cinematography."
594,The Timekeeper,Drama,"Lacked any real substance. The ending was satisfying."
595,The Emerald Blade,Fantasy,"Exhilarating and thought-provoking. The dialogue felt unnatural."
596,Falling Skies,Horror,"Forgettable and cliché. It dragged in the middle."
597,The Secret Garden,Mystery,"A triumph of storytelling. The characters were well-developed."
598,The Lost Island,Romance,"A muddled plot with no direction. The special effects were impressive."
599,The Crystal Maze,Sci-Fi,"Decent but not outstanding. It had a great twist."
600,The Dark Horizon,Thriller,"An absolute masterpiece! It felt rushed."
601,The Last Voyage,Action,"A disappointing mess. The pacing was excellent."
602,Echoes of Tomorrow,Adventure,"Brilliantly acted and directed. The soundtrack really stood out."
603,Whispering Shadows,Comedy,"A captivating story from start to finish. I loved the cinematography."
604,Galaxy Quest,Drama,"Stunning visuals and a moving score. The ending was satisfying."
605,The Silent Forest,Fantasy,"A disappointing mess. The dialogue felt unnatural."
606,Broken Bridges,Horror,"Brilliantly acted and directed. It dragged in the middle."
607,Dancing in the Dark,Mystery,"One of the best films I've seen this year. The characters were well-developed."
608,The Crimson Peak,Romance,"The acting was wooden and unconvincing. The special effects were impressive."
609,A River Runs Through,Sci-Fi,"An average film with some good moments. It had a great twist."
610,Chasing Stars,Thriller,"A heartfelt journey that stays with you. It felt rushed."
611,The Forgotten Kingdom,Action,"Superb performances all around. The pacing was excellent."
612,Neon City,Adventure,"Overlong and boring. The soundtrack really stood out."
613,The Iron Claw,Comedy,"A must-watch for any film lover. I loved the cinematography."
614,Starlight Memories,Drama,"Lacked any real substance. The ending was satisfying."
615,The Ocean's Heart,Fantasy,"Exhilarating and thought-provoking. The dialogue felt unnatural."
616,The Phantom Hour,Horror,"Forgettable and cliché. It dragged in the middle."
617,Rising Sun,Mystery,"A triumph of storytelling. The characters were well-developed."
618,The Winter's Tale,Romance,"A muddled plot with no direction. The special effects were impressive."
619,Beneath the Surface,Sci-Fi,"Decent but not outstanding. It had a great twist."
620,The Golden Compass,Thriller,"An absolute masterpiece! It felt rushed."
621,Infinite Horizons,Action,"A disappointing mess. The pacing was excellent."
622,The Shadow's Edge,Adventure,"Brilliantly acted and directed. The soundtrack really stood out."
623,The Last Guardian,Comedy,"A captivating story from start to finish. I loved the cinematography."
624,The Timekeeper,Drama,"Stunning visuals and a moving score. The ending was satisfying."
625,The Emerald Blade,Fantasy,"A disappointing mess. The dialogue felt unnatural."
626,Falling Skies,Horror,"Brilliantly acted and directed. It dragged in the middle."
627,The Secret Garden,Mystery,"One of the best films I've seen this year. The characters were well-developed."
628,The Lost Island,Romance,"The acting was wooden and unconvincing. The special effects were impressive."
629,The Crystal Maze,Sci-Fi,"An average film with some good moments. It had a great twist."
630,The Dark Horizon,Thriller,"A heartfelt journey that stays with you. It felt rushed."
631,The Last Voyage,Action,"Superb performances all around. The pacing was excellent."
632,Echoes of Tomorrow,Adventure,"Overlong and boring. The soundtrack really stood out."
633,Whispering Shadows,Comedy,"A must-watch for any film lover. I loved the cinematography."
634,Galaxy Quest,Drama,"Lacked any real substance. The ending was satisfying."
635,The Silent Forest,Fantasy,"Exhilarating and thought-provoking. The dialogue felt unnatural."
636,Broken Bridges,Horror,"Forgettable and cliché. It dragged in the middle."
637,Dancing in the Dark,Mystery,"A triumph of storytelling. The characters were well-developed."
638,The Crimson Peak,Romance,"A muddled plot with no direction. The special effects were impressive."
639,A River Runs Through,Sci-Fi,"Decent but not outstanding. It had a great twist."
640,Chasing Stars,Thriller,"An absolute masterpiece! It felt rushed."
641,The Forgotten Kingdom,Action,"A disappointing mess. The pacing was excellent."
642,Neon City,Adventure,"Brilliantly acted and directed. The soundtrack really stood out."
643,The Iron Claw,Comedy,"A captivating story from start to finish. I loved the cinematography."
644,Starlight Memories,Drama,"Stunning visuals and a moving score. The ending was satisfying."
645,The Ocean's Heart,Fantasy,"A disappointing mess. The dialogue felt unnatural."
646,The Phantom Hour,Horror,"Brilliantly acted and directed. It dragged in the middle."
647,Rising Sun,Mystery,"One of the best films I've seen this year. The characters were well-developed."
648,The Winter's Tale,Romance,"The acting was wooden and unconvincing. The special effects were impressive."
649,Beneath the Surface,Sci-Fi,"An average film with some good moments. It had a great twist."
650,The Golden Compass,Thriller,"A heartfelt journey that stays with you. It felt rushed."
651,Infinite Horizons,Action,"Superb performances all around. The pacing was excellent."
652,The Shadow's Edge,Adventure,"Overlong and boring. The soundtrack really stood out."
653,The Last Guardian,Comedy,"A must-watch for any film lover. I loved the cinematography."
654,The Timekeeper,Drama,"Lacked any real substance. The ending was satisfying."
655,The Emerald Blade,Fantasy,"Exhilarating and thought-provoking. The dialogue felt unnatural."
656,Falling Skies,Horror,"Forgettable and cliché. It dragged in the middle."
657,The Secret Garden,Mystery,"A triumph of storytelling. The characters were well-developed."
658,The Lost Island,Romance,"A muddled plot with no direction. The special effects were impressive."
659,The Crystal Maze,Sci-Fi,"Decent but not outstanding. It had a great twist."
660,The Dark Horizon,Thriller,"An absolute masterpiece! It felt rushed."
661,The Last Voyage,Action,"A disappointing mess. The pacing was excellent."
662,Echoes of Tomorrow,Adventure,"Brilliantly acted and directed. The soundtrack really stood out."
663,Whispering Shadows,Comedy,"A captivating story from start to finish. I loved the cinematography."
664,Galaxy Quest,Drama,"Stunning visuals and a moving score. The ending was satisfying."
665,The Silent Forest,Fantasy,"A disappointing mess. The dialogue felt unnatural."
666,Broken Bridges,Horror,"Brilliantly acted and directed. It dragged in the middle."
667,Dancing in the Dark,Mystery,"One of the best films I've seen this year. The characters were well-developed."
668,The Crimson Peak,Romance,"The acting was wooden and unconvincing. The special effects were impressive."
669,A River Runs Through,Sci-Fi,"An average film with some good moments. It had a great twist."
670,Chasing Stars,Thriller,"A heartfelt journey that stays with you. It felt rushed."
671,The Forgotten Kingdom,Action,"Superb performances all around. The pacing was excellent."
672,Neon City,Adventure,"Overlong and boring. The soundtrack really stood out."
673,The Iron Claw,Comedy,"A must-watch for any film lover. I loved the cinematography."
674,Starlight Memories,Drama,"Lacked any real substance. The ending was satisfying."
675,The Ocean's Heart,Fantasy,"Exhilarating and thought-provoking. The dialogue felt unnatural."
676,The Phantom Hour,Horror,"Forgettable and cliché. It dragged in the middle."
677,Rising Sun,Mystery,"A triumph of storytelling. The characters were well-developed."
678,The Winter's Tale,Romance,"A muddled plot with no direction. The special effects were impressive."
679,Beneath the Surface,Sci-Fi,"Decent but not outstanding. It had a great twist."
680,The Golden Compass,Thriller,"An absolute masterpiece! It felt rushed."
681,Infinite Horizons,Action,"A disappointing mess. The pacing was excellent."
682,The Shadow's Edge,Adventure,"Brilliantly acted and directed. The soundtrack really stood out."
683,The Last Guardian,Comedy,"A captivating story from start to finish. I loved the cinematography."
684,The Timekeeper,Drama,"Stunning visuals and a moving score. The ending was satisfying."
685,The Emerald Blade,Fantasy,"A disappointing mess. The dialogue felt unnatural."
686,Falling Skies,Horror,"Brilliantly acted and directed. It dragged in the middle."
687,The Secret Garden,Mystery,"One of the best films I've seen this year. The characters were well-developed."
688,The Lost Island,Romance,"The acting was wooden and unconvincing. The special effects were impressive."
689,The Crystal Maze,Sci-Fi,"An average film with some good moments. It had a great twist."
690,The Dark Horizon,Thriller,"A heartfelt journey that stays with you. It felt rushed."
691,The Last Voyage,Action,"Superb performances all around. The pacing was excellent."
692,Echoes of Tomorrow,Adventure,"Overlong and boring. The soundtrack really stood out."
693,Whispering Shadows,Comedy,"A must-watch for any film lover. I loved the cinematography."
694,Galaxy Quest,Drama,"Lacked any real substance. The ending was satisfying."
695,The Silent Forest,Fantasy,"Exhilarating and thought-provoking. The dialogue felt unnatural."
696,Broken Bridges,Horror,"Forgettable and cliché. It dragged in the middle."
697,Dancing in the Dark,Mystery,"A triumph of storytelling. The characters were well-developed."
698,The Crimson Peak,Romance,"A muddled plot with no direction. The special effects were impressive."
699,A River Runs Through,Sci-Fi,"Decent but not outstanding. It had a great twist."
700,Chasing Stars,Thriller,"An absolute masterpiece! It felt rushed."
701,The Forgotten Kingdom,Action,"A disappointing mess. The pacing was excellent."
702,Neon City,Adventure,"Brilliantly acted and directed. The soundtrack really stood out."
703,The Iron Claw,Comedy,"A captivating story from start to finish. I loved the cinematography."
704,Starlight Memories,Drama,"Stunning visuals and a moving score. The ending was satisfying."
705,The Ocean's Heart,Fantasy,"A disappointing mess. The dialogue felt unnatural."
706,The Phantom Hour,Horror,"Brilliantly acted and directed. It dragged in the middle."
707,Rising Sun,Mystery,"One of the best films I've seen this year. The characters were well-developed."
708,The Winter's Tale,Romance,"The acting was wooden and unconvincing. The special effects were impressive."
709,Beneath the Surface,Sci-Fi,"An average film with some good moments. It had a great twist."
710,The Golden Compass,Thriller,"A heartfelt journey that stays with you. It felt rushed."
711,Infinite Horizons,Action,"Superb performances all around. The pacing was excellent."
712,The Shadow's Edge,Adventure,"Overlong and boring. The soundtrack really stood out."
713,The Last Guardian,Comedy,"A must-watch for any film lover. I loved the cinematography."
714,The Timekeeper,Drama,"Lacked any real substance. The ending was satisfying."
715,The Emerald Blade,Fantasy,"Exhilarating and thought-provoking. The dialogue felt unnatural."
716,Falling Skies,Horror,"Forgettable and cliché. It dragged in the middle."
717,The Secret Garden,Mystery,"A triumph of storytelling. The characters were well-developed."
718,The Lost Island,Romance,"A muddled plot with no direction. The special effects were impressive."
719,The Crystal Maze,Sci-Fi,"Decent but not outstanding. It had a great twist."
720,The Dark Horizon,Thriller,"An absolute masterpiece! It felt rushed."
721,The Last Voyage,Action,"A disappointing mess. The pacing was excellent."
722,Echoes of Tomorrow,Adventure,"Brilliantly acted and directed. The soundtrack really stood out."
723,Whispering Shadows,Comedy,"A captivating story from start to finish. I loved the cinematography."
724,Galaxy Quest,Drama,"Stunning visuals and a moving score. The ending was satisfying."
725,The Silent Forest,Fantasy,"A disappointing mess. The dialogue felt unnatural."
726,Broken Bridges,Horror,"Brilliantly acted and directed. It dragged in the middle."
727,Dancing in the Dark,Mystery,"One of the best films I've seen this year. The characters were well-developed."
728,The Crimson Peak,Romance,"The acting was wooden and unconvincing. The special effects were impressive."
729,A River Runs Through,Sci-Fi,"An average film with some good moments. It had a great twist."
730,Chasing Stars,Thriller,"A heartfelt journey that stays with you. It felt rushed."
731,The Forgotten Kingdom,Action,"Superb performances all around. The pacing was excellent."
732,Neon City,Adventure,"Overlong and boring. The soundtrack really stood out."
733,The Iron Claw,Comedy,"A must-watch for any film lover. I loved the cinematography."
734,Starlight Memories,Drama,"Lacked any real substance. The ending was satisfying."
735,The Ocean's Heart,Fantasy,"Exhilarating and thought-provoking. The dialogue felt unnatural."
736,The Phantom Hour,Horror,"Forgettable and cliché. It dragged in the middle."
737,Rising Sun,Mystery,"A triumph of storytelling. The characters were well-developed."
738,The Winter's Tale,Romance,"A muddled plot with no direction. The special effects were impressive."
739,Beneath the Surface,Sci-Fi,"Decent but not outstanding. It had a great twist."
740,The Golden Compass,Thriller,"An absolute masterpiece! It felt rushed."
741,Infinite Horizons,Action,"A disappointing mess. The pacing was excellent."
742,The Shadow's Edge,Adventure,"Brilliantly acted and directed. The soundtrack really stood out."
743,The Last Guardian,Comedy,"A captivating story from start to finish. I loved the cinematography."
744,The Timekeeper,Drama,"Stunning visuals and a moving score. The ending was satisfying."
745,The Emerald Blade,Fantasy,"A disappointing mess. The dialogue felt unnatural."
746,Falling Skies,Horror,"Brilliantly acted and directed. It dragged in the middle."
747,The Secret Garden,Mystery,"One of the best films I've seen this year. The characters were well-developed."
748,The Lost Island,Romance,"The acting was wooden and unconvincing. The special effects were impressive."
749,The Crystal Maze,Sci-Fi,"An average film with some good moments. It had a great twist."
750,The Dark Horizon,Thriller,"A heartfelt journey that stays with you. It felt rushed."
751,The Last Voyage,Action,"Superb performances all around. The pacing was excellent."
752,Echoes of Tomorrow,Adventure,"Overlong and boring. The soundtrack really stood out."
753,Whispering Shadows,Comedy,"A must-watch for any film lover. I loved the cinematography."
754,Galaxy Quest,Drama,"Lacked any real substance. The ending was satisfying."
755,The Silent Forest,Fantasy,"Exhilarating and thought-provoking. The dialogue felt unnatural."
756,Broken Bridges,Horror,"Forgettable and cliché. It dragged in the middle."
757,Dancing in the Dark,Mystery,"A triumph of storytelling. The characters were well-developed."
758,The Crimson Peak,Romance,"A muddled plot with no direction. The special effects were impressive."
759,A River Runs Through,Sci-Fi,"Decent but not outstanding. It had a great twist."
760,Chasing Stars,Thriller,"An absolute masterpiece! It felt rushed."
761,The Forgotten Kingdom,Action,"A disappointing mess. The pacing was excellent."
762,Neon City,Adventure,"Brilliantly acted and directed. The soundtrack really stood out."
763,The Iron Claw,Comedy,"A captivating story from start to finish. I loved the cinematography."
764,Starlight Memories,Drama,"Stunning visuals and a moving score. The ending was satisfying."
765,The Ocean's Heart,Fantasy,"A disappointing mess. The dialogue felt unnatural."
766,The Phantom Hour,Horror,"Brilliantly acted and directed. It dragged in the middle."
767,Rising Sun,Mystery,"One of the best films I've seen this year. The characters were well-developed."
768,The Winter's Tale,Romance,"The acting was wooden and unconvincing. The special effects were impressive."
769,Beneath the Surface,Sci-Fi,"An average film with some good moments. It had a great twist."
770,The Golden Compass,Thriller,"A heartfelt journey that stays with you. It felt rushed."
771,Infinite Horizons,Action,"Superb performances all around. The pacing was excellent."
772,The Shadow's Edge,Adventure,"Overlong and boring. The soundtrack really stood out."
773,The Last Guardian,Comedy,"A must-watch for any film lover. I loved the cinematography."
774,The Timekeeper,Drama,"Lacked any real substance. The ending was satisfying."
775,The Emerald Blade,Fantasy,"Exhilarating and thought-provoking. The dialogue felt unnatural."
776,Falling Skies,Horror,"Forgettable and cliché. It dragged in the middle."
777,The Secret Garden,Mystery,"A triumph of storytelling. The characters were well-developed."
778,The Lost Island,Romance,"A muddled plot with no direction. The special effects were impressive."
779,The Crystal Maze,Sci-Fi,"Decent but not outstanding. It had a great twist."
780,The Dark Horizon,Thriller,"An absolute masterpiece! It felt rushed."
781,The Last Voyage,Action,"A disappointing mess. The pacing was excellent."
782,Echoes of Tomorrow,Adventure,"Brilliantly acted and directed. The soundtrack really stood out."
783,Whispering Shadows,Comedy,"A captivating story from start to finish. I loved the cinematography."
784,Galaxy Quest,Drama,"Stunning visuals and a moving score. The ending was satisfying."
785,The Silent Forest,Fantasy,"A disappointing mess. The dialogue felt unnatural."
786,Broken Bridges,Horror,"Brilliantly acted and directed. It dragged in the middle."
787,Dancing in the Dark,Mystery,"One of the best films I've seen this year. The characters were well-developed."
788,The Crimson Peak,Romance,"The acting was wooden and unconvincing. The special effects were impressive."
789,A River Runs Through,Sci-Fi,"An average film with some good moments. It had a great twist."
790,Chasing Stars,Thriller,"A heartfelt journey that stays with you. It felt rushed."
791,The Forgotten Kingdom,Action,"Superb performances all around. The pacing was excellent."
792,Neon City,Adventure,"Overlong and boring. The soundtrack really stood out."
793,The Iron Claw,Comedy,"A must-watch for any film lover. I loved the cinematography."
794,Starlight Memories,Drama,"Lacked any real substance. The ending was satisfying."
795,The Ocean's Heart,Fantasy,"Exhilarating and thought-provoking. The dialogue felt unnatural."
796,The Phantom Hour,Horror,"Forgettable and cliché. It dragged in the middle."
797,Rising Sun,Mystery,"A triumph of storytelling. The characters were well-developed."
798,The Winter's Tale,Romance,"A muddled plot with no direction. The special effects were impressive."
799,Beneath the Surface,Sci-Fi,"Decent but not outstanding. It had a great twist."
800,The Golden Compass,Thriller,"An absolute masterpiece! It felt rushed."
801,Infinite Horizons,Action,"A disappointing mess. The pacing was excellent."
802,The Shadow's Edge,Adventure,"Brilliantly acted and directed. The soundtrack really stood out."
803,The Last Guardian,Comedy,"A captivating story from start to finish. I loved the cinematography."
804,The Timekeeper,Drama,"Stunning visuals and a moving score. The ending was satisfying."
805,The Emerald Blade,Fantasy,"A disappointing mess. The dialogue felt unnatural."
806,Falling Skies,Horror,"Brilliantly acted and directed. It dragged in the middle."
807,The Secret Garden,Mystery,"One of the best films I've seen this year. The characters were well-developed."
808,The Lost Island,Romance,"The acting was wooden and unconvincing. The special effects were impressive."
809,The Crystal Maze,Sci-Fi,"An average film with some good moments. It had a great twist."
810,The Dark Horizon,Thriller,"A heartfelt journey that stays with you. It felt rushed."
811,The Last Voyage,Action,"Superb performances all around. The pacing was excellent."
812,Echoes of Tomorrow,Adventure,"Overlong and boring. The soundtrack really stood out."
813,Whispering Shadows,Comedy,"A must-watch for any film lover. I loved the cinematography."
814,Galaxy Quest,Drama,"Lacked any real substance. The ending was satisfying."
815,The Silent Forest,Fantasy,"Exhilarating and thought-provoking. The dialogue felt unnatural."
816,Broken Bridges,Horror,"Forgettable and cliché. It dragged in the middle."
817,Dancing in the Dark,Mystery,"A triumph of storytelling. The characters were well-developed."
818,The Crimson Peak,Romance,"A muddled plot with no direction. The special effects were impressive."
819,A River Runs Through,Sci-Fi,"Decent but not outstanding. It had a great twist."
820,Chasing Stars,Thriller,"An absolute masterpiece! It felt rushed."
821,The Forgotten Kingdom,Action,"A disappointing mess. The pacing was excellent."
822,Neon City,Adventure,"Brilliantly acted and directed. The soundtrack really stood out."
823,The Iron Claw,Comedy,"A captivating story from start to finish. I loved the cinematography."
824,Starlight Memories,Drama,"Stunning visuals and a moving score. The ending was satisfying."
825,The Ocean's Heart,Fantasy,"A disappointing mess. The dialogue felt unnatural."
826,The Phantom Hour,Horror,"Brilliantly acted and directed. It dragged in the middle."
827,Rising Sun,Mystery,"One of the best films I've seen this year. The characters were well-developed."
828,The Winter's Tale,Romance,"The acting was wooden and unconvincing. The special effects were impressive."
829,Beneath the Surface,Sci-Fi,"An average film with some good moments. It had a great twist."
830,The Golden Compass,Thriller,"A heartfelt journey that stays with you. It felt rushed."
831,Infinite Horizons,Action,"Superb performances all around. The pacing was excellent."
832,The Shadow's Edge,Adventure,"Overlong and boring. The soundtrack really stood out."
833,The Last Guardian,Comedy,"A must-watch for any film lover. I loved the cinematography."
834,The Timekeeper,Drama,"Lacked any real substance. The ending was satisfying."
835,The Emerald Blade,Fantasy,"Exhilarating and thought-provoking. The dialogue felt unnatural."
836,Falling Skies,Horror,"Forgettable and cliché. It dragged in the middle."
837,The Secret Garden,Mystery,"A triumph of storytelling. The characters were well-developed."
838,The Lost Island,Romance,"A muddled plot with no direction. The special effects were impressive."
839,The Crystal Maze,Sci-Fi,"Decent but not outstanding. It had a great twist."
840,The Dark Horizon,Thriller,"An absolute masterpiece! It felt rushed."
841,The Last Voyage,Action,"A disappointing mess. The pacing was excellent."
842,Echoes of Tomorrow,Adventure,"Brilliantly acted and directed. The soundtrack really stood out."
843,Whispering Shadows,Comedy,"A captivating story from start to finish. I loved the cinematography."
844,Galaxy Quest,Drama,"Stunning visuals and a moving score. The ending was satisfying."
845,The Silent Forest,Fantasy,"A disappointing mess. The dialogue felt unnatural."
846,Broken Bridges,Horror,"Brilliantly acted and directed. It dragged in the middle."
847,Dancing in the Dark,Mystery,"One of the best films I've seen this year. The characters were well-developed."
848,The Crimson Peak,Romance,"The acting was wooden and unconvincing. The special effects were impressive."
849,A River Runs Through,Sci-Fi,"An average film with some good moments. It had a great twist."
850,Chasing Stars,Thriller,"A heartfelt journey that stays with you. It felt rushed."
851,The Forgotten Kingdom,Action,"Superb performances all around. The pacing was excellent."
852,Neon City,Adventure,"Overlong and boring. The soundtrack really stood out."
853,The Iron Claw,Comedy,"A must-watch for any film lover. I loved the cinematography."
854,Starlight Memories,Drama,"Lacked any real substance. The ending was satisfying."
855,The Ocean's Heart,Fantasy,"Exhilarating and thought-provoking. The dialogue felt unnatural."
856,The Phantom Hour,Horror,"Forgettable and cliché. It dragged in the middle."
857,Rising Sun,Mystery,"A triumph of storytelling. The characters were well-developed."
858,The Winter's Tale,Romance,"A muddled plot with no direction. The special effects were impressive."
859,Beneath the Surface,Sci-Fi,"Decent but not outstanding. It had a great twist."
860,The Golden Compass,Thriller,"An absolute masterpiece! It felt rushed."
861,Infinite Horizons,Action,"A disappointing mess. The pacing was excellent."
862,The Shadow's Edge,Adventure,"Brilliantly acted and directed. The soundtrack really stood out."
863,The Last Guardian,Comedy,"A captivating story from start to finish. I loved the cinematography."
864,The Timekeeper,Drama,"Stunning visuals and a moving score. The ending was satisfying."
865,The Emerald Blade,Fantasy,"A disappointing mess. The dialogue felt unnatural."
866,Falling Skies,Horror,"Brilliantly acted and directed. It dragged in the middle."
867,The Secret Garden,Mystery,"One of the best films I've seen this year. The characters were well-developed."
868,The Lost Island,Romance,"The acting was wooden and unconvincing. The special effects were impressive."
869,The Crystal Maze,Sci-Fi,"An average film with some good moments. It had a great twist."
870,The Dark Horizon,Thriller,"A heartfelt journey that stays with you. It felt rushed."
871,The Last Voyage,Action,"Superb performances all around. The pacing was excellent."
872,Echoes of Tomorrow,Adventure,"Overlong and boring. The soundtrack really stood out."
873,Whispering Shadows,Comedy,"A must-watch for any film lover. I loved the cinematography."
874,Galaxy Quest,Drama,"Lacked any real substance. The ending was satisfying."
875,The Silent Forest,Fantasy,"Exhilarating and thought-provoking. The dialogue felt unnatural."
876,Broken Bridges,Horror,"Forgettable and cliché. It dragged in the middle."
877,Dancing in the Dark,Mystery,"A triumph of storytelling. The characters were well-developed."
878,The Crimson Peak,Romance,"A muddled plot with no direction. The special effects were impressive."
879,A River Runs Through,Sci-Fi,"Decent but not outstanding. It had a great twist."
880,Chasing Stars,Thriller,"An absolute masterpiece! It felt rushed."
881,The Forgotten Kingdom,Action,"A disappointing mess. The pacing was excellent."
882,Neon City,Adventure,"Brilliantly acted and directed. The soundtrack really stood out."
883,The Iron Claw,Comedy,"A captivating story from start to finish. I loved the cinematography."
884,Starlight Memories,Drama,"Stunning visuals and a moving score. The ending was satisfying."
885,The Ocean's Heart,Fantasy,"A disappointing mess. The dialogue felt unnatural."
886,The Phantom Hour,Horror,"Brilliantly acted and directed. It dragged in the middle."
887,Rising Sun,Mystery,"One of the best films I've seen this year. The characters were well-developed."
888,The Winter's Tale,Romance,"The acting was wooden and unconvincing. The special effects were impressive."
889,Beneath the Surface,Sci-Fi,"An average film with some good moments. It had a great twist."
890,The Golden Compass,Thriller,"A heartfelt journey that stays with you. It felt rushed."
891,Infinite Horizons,Action,"Superb performances all around. The pacing was excellent."
892,The Shadow's Edge,Adventure,"Overlong and boring. The soundtrack really stood out."
893,The Last Guardian,Comedy,"A must-watch for any film lover. I loved the cinematography."
894,The Timekeeper,Drama,"Lacked any real substance. The ending was satisfying."
895,The Emerald Blade,Fantasy,"Exhilarating and thought-provoking. The dialogue felt unnatural."
896,Falling Skies,Horror,"Forgettable and cliché. It dragged in the middle."
897,The Secret Garden,Mystery,"A triumph of storytelling. The characters were well-developed."
898,The Lost Island,Romance,"A muddled plot with no direction. The special effects were impressive."
899,The Crystal Maze,Sci-Fi,"Decent but not outstanding. It had a great twist."
900,The Dark Horizon,Thriller,"An absolute masterpiece! It felt rushed."
901,The Last Voyage,Action,"A disappointing mess. The pacing was excellent."
902,Echoes of Tomorrow,Adventure,"Brilliantly acted and directed. The soundtrack really stood out."
903,Whispering Shadows,Comedy,"A captivating story from start to finish. I loved the cinematography."
904,Galaxy Quest,Drama,"Stunning visuals and a moving score. The ending was satisfying."
905,The Silent Forest,Fantasy,"A disappointing mess. The dialogue felt unnatural."
906,Broken Bridges,Horror,"Brilliantly acted and directed. It dragged in the middle."
907,Dancing in the Dark,Mystery,"One of the best films I've seen this year. The characters were well-developed."
908,The Crimson Peak,Romance,"The acting was wooden and unconvincing. The special effects were impressive."
909,A River Runs Through,Sci-Fi,"An average film with some good moments. It had a great twist."
910,Chasing Stars,Thriller,"A heartfelt journey that stays with you. It felt rushed."
911,The Forgotten Kingdom,Action,"Superb performances all around. The pacing was excellent."
912,Neon City,Adventure,"Overlong and boring. The soundtrack really stood out."
913,The Iron Claw,Comedy,"A must-watch for any film lover. I loved the cinematography."
914,Starlight Memories,Drama,"Lacked any real substance. The ending was satisfying."
915,The Ocean's Heart,Fantasy,"Exhilarating and thought-provoking. The dialogue felt unnatural."
916,The Phantom Hour,Horror,"Forgettable and cliché. It dragged in the middle."
917,Rising Sun,Mystery,"A triumph of storytelling. The characters were well-developed."
918,The Winter's Tale,Romance,"A muddled plot with no direction. The special effects were impressive."
919,Beneath the Surface,Sci-Fi,"Decent but not outstanding. It had a great twist."
920,The Golden Compass,Thriller,"An absolute masterpiece! It felt rushed."
921,Infinite Horizons,Action,"A disappointing mess. The pacing was excellent."
922,The Shadow's Edge,Adventure,"Brilliantly acted and directed. The soundtrack really stood out."
923,The Last Guardian,Comedy,"A captivating story from start to finish. I loved the cinematography."
924,The Timekeeper,Drama,"Stunning visuals and a moving score. The ending was satisfying."
925,The Emerald Blade,Fantasy,"A disappointing mess. The dialogue felt unnatural."
926,Falling Skies,Horror,"Brilliantly acted and directed. It dragged in the middle."
927,The Secret Garden,Mystery,"One of the best films I've seen this year. The characters were well-developed."
928,The Lost Island,Romance,"The acting was wooden and unconvincing. The special effects were impressive."
929,The Crystal Maze,Sci-Fi,"An average film with some good moments. It had a great twist."
930,The Dark Horizon,Thriller,"A heartfelt journey that stays with you. It felt rushed."
931,The Last Voyage,Action,"Superb performances all around. The pacing was excellent."
932,Echoes of Tomorrow,Adventure,"Overlong and boring. The soundtrack really stood out."
933,Whispering Shadows,Comedy,"A must-watch for any film lover. I loved the cinematography."
934,Galaxy Quest,Drama,"Lacked any real substance. The ending was satisfying."
935,The Silent Forest,Fantasy,"Exhilarating and thought-provoking. The dialogue felt unnatural."
936,Broken Bridges,Horror,"Forgettable and cliché. It dragged in the middle."
937,Dancing in the Dark,Mystery,"A triumph of storytelling. The characters were well-developed."
938,The Crimson Peak,Romance,"A muddled plot with no direction. The special effects were impressive."
939,A River Runs Through,Sci-Fi,"Decent but not outstanding. It had a great twist."
940,Chasing Stars,Thriller,"An absolute masterpiece! It felt rushed."
941,The Forgotten Kingdom,Action,"A disappointing mess. The pacing was excellent."
942,Neon City,Adventure,"Brilliantly acted and directed. The soundtrack really stood out."
943,The Iron Claw,Comedy,"A captivating story from start to finish. I loved the cinematography."
944,Starlight Memories,Drama,"Stunning visuals and a moving score. The ending was satisfying."
945,The Ocean's Heart,Fantasy,"A disappointing mess. The dialogue felt unnatural."
946,The Phantom Hour,Horror,"Brilliantly acted and directed. It dragged in the middle."
947,Rising Sun,Mystery,"One of the best films I've seen this year. The characters were well-developed."
948,The Winter's Tale,Romance,"The acting was wooden and unconvincing. The special effects were impressive."
949,Beneath the Surface,Sci-Fi,"An average film with some good moments. It had a great twist."
950,The Golden Compass,Thriller,"A heartfelt journey that stays with you. It felt rushed."
951,Infinite Horizons,Action,"Superb performances all around. The pacing was excellent."
952,The Shadow's Edge,Adventure,"Overlong and boring. The soundtrack really stood out."
953,The Last Guardian,Comedy,"A must-watch for any film lover. I loved the cinematography."
954,The Timekeeper,Drama,"Lacked any real substance. The ending was satisfying."
955,The Emerald Blade,Fantasy,"Exhilarating and thought-provoking. The dialogue felt unnatural."
956,Falling Skies,Horror,"Forgettable and cliché. It dragged in the middle."
957,The Secret Garden,Mystery,"A triumph of storytelling. The characters were well-developed."
958,The Lost Island,Romance,"A muddled plot with no direction. The special effects were impressive."
959,The Crystal Maze,Sci-Fi,"Decent but not outstanding. It had a great twist."
960,The Dark Horizon,Thriller,"An absolute masterpiece! It felt rushed."
961,The Last Voyage,Action,"A disappointing mess. The pacing was excellent."
962,Echoes of Tomorrow,Adventure,"Brilliantly acted and directed. The soundtrack really stood out."
963,Whispering Shadows,Comedy,"A captivating story from start to finish. I loved the cinematography."
964,Galaxy Quest,Drama,"Stunning visuals and a moving score. The ending was satisfying."
965,The Silent Forest,Fantasy,"A disappointing mess. The dialogue felt unnatural."
966,Broken Bridges,Horror,"Brilliantly acted and directed. It dragged in the middle."
967,Dancing in the Dark,Mystery,"One of the best films I've seen this year. The characters were well-developed."
968,The Crimson Peak,Romance,"The acting was wooden and unconvincing. The special effects were impressive."
969,A River Runs Through,Sci-Fi,"An average film with some good moments. It had a great twist."
970,Chasing Stars,Thriller,"A heartfelt journey that stays with you. It felt rushed."
971,The Forgotten Kingdom,Action,"Superb performances all around. The pacing was excellent."
972,Neon City,Adventure,"Overlong and boring. The soundtrack really stood out."
973,The Iron Claw,Comedy,"A must-watch for any film lover. I loved the cinematography."
974,Starlight Memories,Drama,"Lacked any real substance. The ending was satisfying."
975,The Ocean's Heart,Fantasy,"Exhilarating and thought-provoking. The dialogue felt unnatural."
976,The Phantom Hour,Horror,"Forgettable and cliché. It dragged in the middle."
977,Rising Sun,Mystery,"A triumph of storytelling. The characters were well-developed."
978,The Winter's Tale,Romance,"A muddled plot with no direction. The special effects were impressive."
979,Beneath the Surface,Sci-Fi,"Decent but not outstanding. It had a great twist."
980,The Golden Compass,Thriller,"An absolute masterpiece! It felt rushed."
981,Infinite Horizons,Action,"A disappointing mess. The pacing was excellent."
982,The Shadow's Edge,Adventure,"Brilliantly acted and directed. The soundtrack really stood out."
983,The Last Guardian,Comedy,"A captivating story from start to finish. I loved the cinematography."
984,The Timekeeper,Drama,"Stunning visuals and a moving score. The ending was satisfying."
985,The Emerald Blade,Fantasy,"A disappointing mess. The dialogue felt unnatural."
986,Falling Skies,Horror,"Brilliantly acted and directed. It dragged in the middle."
987,The Secret Garden,Mystery,"One of the best films I've seen this year. The characters were well-developed."
988,The Lost Island,Romance,"The acting was wooden and unconvincing. The special effects were impressive."
989,The Crystal Maze,Sci-Fi,"An average film with some good moments. It had a great twist."
990,The Dark Horizon,Thriller,"A heartfelt journey that stays with you. It felt rushed."
991,The Last Voyage,Action,"Superb performances all around. The pacing was excellent."
992,Echoes of Tomorrow,Adventure,"Overlong and boring. The soundtrack really stood out."
993,Whispering Shadows,Comedy,"A must-watch for any film lover. I loved the cinematography."
994,Galaxy Quest,Drama,"Lacked any real substance. The ending was satisfying."
995,The Silent Forest,Fantasy,"Exhilarating and thought-provoking. The dialogue felt unnatural."
996,Broken Bridges,Horror,"Forgettable and cliché. It dragged in the middle."
997,Dancing in the Dark,Mystery,"A triumph of storytelling. The characters were well-developed."
998,The Crimson Peak,Romance,"A muddled plot with no direction. The special effects were impressive."
999,A River Runs Through,Sci-Fi,"Decent but not outstanding. It had a great twist."
1000,Chasing Stars,Thriller,"An absolute masterpiece! It felt rushed."
